mid,mName,mPhone,mAddress
1,John Doe,4161234567,123 Main St Toronto
2,Jane Smith,4169876543,456 Elm St Toronto
3,Michael Johnson,4161112223,789 Oak St Toronto
4,Emily Brown,4164445556,321 Pine St Toronto
5,Christopher Davis,4167778889,654 Maple St Toronto
6,Samantha Wilson,4163334445,987 Cedar St Toronto
7,Matthew Martinez,4166667779,159 Birch St Toronto
8,Amanda Anderson,4162223334,753 Walnut St Toronto
9,James Taylor,4168889991,369 Spruce St Toronto
10,Sarah Thomas,4165556667,852 Fir St Toronto
11,David Rodriguez,4161231235,147 Willow St Toronto
12,Ashley Hernandez,4164564568,258 Palm St Toronto
13,Robert Lopez,4167897893,369 Pineapple St Toronto
14,Jennifer Gonzalez,4163213212,147 Orange St Toronto
15,William Perez,4166546546,258 Banana St Toronto
16,Stephanie Sanchez,4169879879,369 Cherry St Toronto
17,John Doe,4165551112,123 Peach St Toronto
18,Jane Smith,4166662225,456 Plum St Toronto
19,Michael Johnson,4167773335,789 Grape St Toronto
20,Emily Brown,4168884446,321 Mango St Toronto
21,Christopher Davis,4169995558,654 Papaya St Toronto
22,Samantha Wilson,4161116668,987 Avocado St Toronto
23,Matthew Martinez,4162227771,159 Kiwi St Toronto
24,Amanda Anderson,4163338889,753 Pomegranate St Toronto
25,James Taylor,4164449992,369 Pineapple St Toronto
26,Sarah Thomas,4165550001,852 Guava St Toronto
27,David Rodriguez,4166661235,147 Pear St Toronto
28,Ashley Hernandez,4167774568,258 Coconut St Toronto
29,Robert Lopez,4168887893,369 Blueberry St Toronto
30,Jennifer Gonzalez,4169993212,147 Raspberry St Toronto
31,William Perez,4160006547,258 Watermelon St Toronto
32,Stephanie Sanchez,4161119879,369 Cranberry St Toronto
33,John Doe,4162225552,123 Strawberry St Toronto
34,Jane Smith,4163336665,456 Cherry St Toronto
35,Michael Johnson,4164447776,789 Blueberry St Toronto
36,Emily Brown,4165558887,321 Raspberry St Toronto
37,Christopher Davis,4166669998,654 Watermelon St Toronto
38,Samantha Wilson,4167771119,987 Cranberry St Toronto
39,Matthew Martinez,4168882222,159 Strawberry St Toronto
40,Amanda Anderson,4169993337,753 Pine St Toronto
41,James Taylor,4160004449,369 Mango St Toronto
42,Sarah Thomas,4161115552,852 Apple St Toronto
43,David Rodriguez,4162226665,147 Orange St Toronto
44,Ashley Hernandez,4163337778,258 Pear St Toronto
45,Robert Lopez,4164448883,369 Grape St Toronto
46,Jennifer Gonzalez,4165559993,147 Pineapple St Toronto
47,William Perez,4166660006,258 Banana St Toronto
48,Stephanie Sanchez,4167771119,369 Peach St Toronto
49,John Doe,4168882222,123 Plum St Toronto
50,Jane Smith,4169993337,456 Mango St Toronto
51,Michael Johnson,4160004449,789 Papaya St Toronto
52,Emily Brown,4161115552,321 Avocado St Toronto
53,Christopher Davis,4162226665,654 Guava St Toronto
54,Samantha Wilson,4163337778,987 Pear St Toronto
55,Matthew Martinez,4164448883,159 Coconut St Toronto
56,Amanda Anderson,4165559993,753 Watermelon St Toronto
57,James Taylor,4166660006,369 Cranberry St Toronto
58,Sarah Thomas,4167771119,852 Strawberry St Toronto
59,David Rodriguez,4168882222,147 Blueberry St Toronto
60,Ashley Hernandez,4169993337,258 Raspberry St Toronto
61,Robert Lopez,4160004449,369 Watermelon St Toronto
62,Jennifer Gonzalez,4161115552,147 Cranberry St Toronto
63,William Perez,4162226665,258 Strawberry St Toronto
64,Stephanie Sanchez,4163337778,369 Blueberry St Toronto
65,John Doe,4164448883,123 Raspberry St Toronto
66,Jane Smith,4165559993,456 Watermelon St Toronto
67,Michael Johnson,4166660006,789 Cranberry St Toronto
68,Emily Brown,4167771119,321 Strawberry St Toronto
69,Christopher Davis,4168882222,654 Blueberry St Toronto
70,Samantha Wilson,4169993337,987 Raspberry St Toronto
71,Matthew Martinez,4160004449,159 Watermelon St Toronto
72,Amanda Anderson,4161115552,753 Cranberry St Toronto
73,James Taylor,4162226665,369 Blueberry St Toronto
74,Sarah Thomas,4163337778,852 Raspberry St Toronto
75,David Rodriguez,4164448883,147 Watermelon St Toronto
76,Ashley Hernandez,4165559993,258 Cranberry St Toronto
77,Robert Lopez,4166660006,369 Strawberry St Toronto
78,Jennifer Gonzalez,4167771119,147 Blueberry St Toronto
79,William Perez,4168882222,258 Raspberry St Toronto
80,Stephanie Sanchez,4169993337,369 Watermelon St Toronto
81,John Doe,4161115552,123 Cranberry St Toronto
82,Jane Smith,4162226665,456 Strawberry St Toronto
83,Michael Johnson,4163337778,789 Blueberry St Toronto
84,Emily Brown,4164448883,321 Raspberry St Toronto
85,Christopher Davis,4165559993,654 Watermelon St Toronto
86,Samantha Wilson,4166660006,987 Cranberry St Toronto
87,Matthew Martinez,4167771119,159 Strawberry St Toronto
88,Amanda Anderson,4168882222,753 Blueberry St Toronto
89,James Taylor,4169993337,369 Raspberry St Toronto
90,Sarah Thomas,4160004449,852 Watermelon St Toronto
91,David Rodriguez,4161115552,147 Cranberry St Toronto
92,Ashley Hernandez,4162226665,258 Strawberry St Toronto
93,Robert Lopez,4163337778,369 Blueberry St Toronto
94,Jennifer Gonzalez,4164448883,147 Raspberry St Toronto
95,William Perez,4165559993,258 Watermelon St Toronto
96,Stephanie Sanchez,4166660006,369 Cranberry St Toronto
97,John Doe,4167771119,123 Blueberry St Toronto
98,Jane Smith,4168882222,456 Strawberry St Toronto
99,Michael Johnson,4169993337,789 Cranberry St Toronto
100,Emily Brown,4160004449,321 Raspberry St Toronto
